应用名称,日期,一星,二星,三星,四星,五星
穿越火线,2024/1/8,135482,44097,54169,82690,463099
穿越火线,2024/1/9,135517,44101,54182,82697,463147
穿越火线,2024/1/10,135542,44103,54185,82708,463194
穿越火线,2024/1/11,135577,44102,54192,82712,463211
穿越火线,2024/1/12,135613,44113,54192,82730,463254
穿越火线,2024/1/13,135655,44122,54206,82735,463316
穿越火线,2024/1/14,135701,44136,54213,82757,463399
穿越火线,2024/1/15,135755,44141,54222,82774,463532
穿越火线,2024/1/16,135797,44150,54229,82787,463615
穿越火线,2024/1/17,135835,44157,54236,82795,463682
穿越火线,2024/1/18,135872,44155,54241,82804,463741
穿越火线,2024/1/19,135965,44165,54265,82847,463996
穿越火线,2024/1/20,136954,44372,54581,83202,465877
穿越火线,2024/1/21,137079,44401,54611,83263,466120
穿越火线,2024/1/22,137161,44411,54625,83291,466281
穿越火线,2024/1/23,137205,44424,54634,83301,466354
穿越火线,2024/1/24,137236,44419,54641,83311,466425
穿越火线,2024/1/25,137318,44432,54657,83338,466546
穿越火线,2024/1/26,137344,44436,54662,83355,466636
穿越火线,2024/1/27,137391,44441,54672,83377,466726
穿越火线,2024/1/28,137462,44450,54686,83401,466876
穿越火线,2024/1/29,137540,44463,54694,83422,467007
穿越火线,2024/1/30,137582,44467,54700,83437,467127
穿越火线,2024/1/31,137652,44484,54708,83456,467260
穿越火线,2024/2/1,137692,44493,54717,83483,467381
穿越火线,2024/2/2,137745,44507,54734,83492,467506
穿越火线,2024/2/3,137805,44509,54748,83519,467621
穿越火线,2024/2/4,137862,44522,54764,83538,467761
穿越火线,2024/2/5,137922,44531,54768,83556,467885
穿越火线,2024/2/6,137980,44538,54786,83582,467984
穿越火线,2024/2/7,138056,44550,54795,83599,468088
穿越火线,2024/2/8,138096,44552,54801,83613,468203
穿越火线,2024/2/9,138133,44551,54812,83628,468305
穿越火线,2024/2/10,138180,44556,54817,83656,468442
穿越火线,2024/2/11,138218,44565,54829,83673,468559
穿越火线,2024/2/12,138269,44571,54843,83701,468714
穿越火线,2024/2/13,138325,44580,54860,83736,468869
穿越火线,2024/2/14,138377,44588,54869,83753,468975
穿越火线,2024/2/15,138421,44595,54878,83779,469089
穿越火线,2024/2/16,138451,44598,54877,83782,469101
穿越火线,2024/2/17,138493,44600,54892,83806,469190
穿越火线,2024/2/18,138537,44605,54902,83827,469293
穿越火线,2024/2/19,138581,44615,54910,83843,469405
穿越火线,2024/2/20,138630,44623,54922,83868,469505
穿越火线,2024/2/21,138669,44633,54936,83887,469631
穿越火线,2024/2/22,138711,44639,54942,83901,469743
穿越火线,2024/2/23,138740,44647,54950,83906,469817
穿越火线,2024/2/24,138807,44653,54966,83921,470000
穿越火线,2024/2/25,138846,44654,54974,83937,470117
穿越火线,2024/2/26,138900,44657,54976,83949,470219
穿越火线,2024/2/27,138938,44659,54985,83951,470291
穿越火线,2024/2/28,138966,44668,54985,83956,470383
穿越火线,2024/2/29,138998,44672,54987,83961,470441
穿越火线,2024/3/1,139034,44676,54989,83960,470497
穿越火线,2024/3/2,139067,44682,54998,83973,470573
穿越火线,2024/3/3,139110,44690,55007,83982,470709
穿越火线,2024/3/4,139152,44693,55015,84002,470853
穿越火线,2024/3/5,139186,44697,55020,84008,470917
穿越火线,2024/3/6,139227,44699,55023,84012,470964
穿越火线,2024/3/7,139269,44701,55029,84018,471022
穿越火线,2024/3/8,139314,44700,55041,84022,471079
穿越火线,2024/3/9,139351,44699,55042,84038,471161
穿越火线,2024/3/10,139401,44703,55063,84056,471322
穿越火线,2024/3/11,139462,44709,55072,84069,471434
穿越火线,2024/3/12,139444,44715,55069,84063,471405
穿越火线,2024/3/13,139486,44715,55071,84077,471461
穿越火线,2024/3/14,139529,44715,55072,84085,471532
穿越火线,2024/3/15,139564,44721,55079,84089,471593
穿越火线,2024/3/16,139594,44721,55088,84101,471652
穿越火线,2024/3/17,139639,44727,55098,84114,471796
穿越火线,2024/3/18,139671,44730,55101,84122,471891
穿越火线,2024/3/19,139730,44731,55109,84133,471980
穿越火线,2024/3/20,139777,44733,55110,84139,472069
穿越火线,2024/3/21,139816,44737,55119,84148,472124
穿越火线,2024/3/22,139821,44737,55116,84156,472134
穿越火线,2024/3/23,139948,44749,55131,84178,472296
穿越火线,2024/3/24,139995,44752,55139,84180,472382
穿越火线,2024/3/25,140043,44755,55148,84193,472483
穿越火线,2024/3/26,140071,44758,55155,84207,472539
穿越火线,2024/3/27,140108,44759,55160,84211,472601
穿越火线,2024/3/28,140142,44761,55164,84220,472655
穿越火线,2024/3/29,140180,44762,55170,84229,472725
穿越火线,2024/3/30,140204,44764,55167,84236,472796
穿越火线,2024/3/31,140244,44768,55170,84240,472886
穿越火线,2024/4/1,140280,44771,55174,84255,472983
穿越火线,2024/4/2,140302,44772,55178,84265,473038
穿越火线,2024/4/3,140349,44777,55180,84277,473092
穿越火线,2024/4/4,140367,44777,55184,84283,473150
穿越火线,2024/4/5,140418,44783,55192,84301,473230
穿越火线,2024/4/6,140438,44791,55198,84314,473323
穿越火线,2024/4/7,140470,44796,55204,84332,473414
穿越火线,2024/4/8,140489,44799,55207,84334,473440
