应用名称,日期,下载量预估~iPhone
QQ,2024/4/22,69093
QQ,2024/4/21,63335
QQ,2024/4/20,84784
QQ,2024/4/19,45440
QQ,2024/4/18,53290
QQ,2024/4/17,59121
QQ,2024/4/16,57525
QQ,2024/4/15,69387
QQ,2024/4/14,67582
QQ,2024/4/13,58827
QQ,2024/4/12,52776
QQ,2024/4/11,56074
QQ,2024/4/10,51540
QQ,2024/4/9,55831
QQ,2024/4/8,62271
QQ,2024/4/7,63458
QQ,2024/4/6,77485
QQ,2024/4/5,72341
QQ,2024/4/4,41158
QQ,2024/4/3,51273
QQ,2024/4/2,56225
QQ,2024/4/1,59187
QQ,2024/3/31,55775
QQ,2024/3/30,49740
QQ,2024/3/29,54592
QQ,2024/3/28,53577
QQ,2024/3/27,61963
QQ,2024/3/26,61743
QQ,2024/3/25,92451
QQ,2024/3/24,77848
QQ,2024/3/23,63035
QQ,2024/3/22,50485
QQ,2024/3/21,58226
QQ,2024/3/20,59986
QQ,2024/3/19,58714
QQ,2024/3/18,71171
QQ,2024/3/17,74997
QQ,2024/3/16,62963
QQ,2024/3/15,53691
QQ,2024/3/14,58902
QQ,2024/3/13,57191
QQ,2024/3/12,65694
QQ,2024/3/11,72632
QQ,2024/3/10,78670
QQ,2024/3/9,61503
QQ,2024/3/8,61783
QQ,2024/3/7,58251
QQ,2024/3/6,57810
QQ,2024/3/5,71356
QQ,2024/3/4,74423
QQ,2024/3/3,51333
QQ,2024/3/2,69660
QQ,2024/3/1,58093
QQ,2024/2/29,66995
QQ,2024/2/28,79897
QQ,2024/2/27,67408
QQ,2024/2/26,82184
QQ,2024/2/25,114433
QQ,2024/2/24,80417
QQ,2024/2/23,87942
QQ,2024/2/22,84633
QQ,2024/2/21,136061
QQ,2024/2/20,117086
QQ,2024/2/19,152043
QQ,2024/2/18,127167
QQ,2024/2/17,119210
QQ,2024/2/16,79002
QQ,2024/2/15,110234
QQ,2024/2/14,103412
QQ,2024/2/13,96485
QQ,2024/2/12,90111
QQ,2024/2/11,75707
QQ,2024/2/10,83155
QQ,2024/2/9,99657
QQ,2024/2/8,112547
QQ,2024/2/7,102826
QQ,2024/2/6,102350
QQ,2024/2/5,102417
QQ,2024/2/4,88655
QQ,2024/2/3,90135
QQ,2024/2/2,80884
QQ,2024/2/1,72776
QQ,2024/1/31,75445
QQ,2024/1/30,82379
QQ,2024/1/29,60112
QQ,2024/1/28,76970
QQ,2024/1/27,72504
QQ,2024/1/26,77876
QQ,2024/1/25,69185
QQ,2024/1/24,78137
QQ,2024/1/23,81228
